<?xml version="1.0" encoding="UTF-8" standalone="yes"?>
<infoExchange>
	<infoExchangeContent>
		<apci>
			<aidIdentifier>3</aidIdentifier>
			<apduOriginator>
				<countryCode>0110000001</countryCode>
				<providerIdentifier>6</providerIdentifier>
			</apduOriginator>
			<informationSenderId>
				<countryCode>0110000001</countryCode>
				<providerIdentifier>6</providerIdentifier>
			</informationSenderId>
			<informationRecipientId>
				<countryCode>0110000001</countryCode>
				<providerIdentifier>151</providerIdentifier>
			</informationRecipientId>
			<apduIdentifier>927</apduIdentifier>
			<apduDate>20240222143716Z</apduDate>
		</apci>
		<adus>
			<ackAdus>
				<AckAdu>
					<apduIdentifier>32083</apduIdentifier>
					<apduAckCode>2</apduAckCode>
					<actionCode>0</actionCode>
				</AckAdu>
			</ackAdus>
		</adus>
	</infoExchangeContent>
</infoExchange>    
