<?xml version="1.0" encoding="UTF-8" standalone="yes"?>
<infoExchange>
	<infoExchangeContent>
		<apci>
			<aidIdentifier>3</aidIdentifier>
			<apduOriginator>
				<countryCode>0110000001</countryCode>
				<providerIdentifier>151</providerIdentifier>
			</apduOriginator>
			<informationSenderId>
				<countryCode>0110000001</countryCode>
				<providerIdentifier>151</providerIdentifier>
			</informationSenderId>
			<informationRecipientId>
				<countryCode>0110000001</countryCode>
				<providerIdentifier>6</providerIdentifier>
			</informationRecipientId>
			<apduIdentifier>32084</apduIdentifier>
			<apduDate>20230316175200Z</apduDate>
		</apci>
		<adus>
			<exceptionListAdus>
				<ExceptionListAdu>
					<aduIdentifier>12</aduIdentifier>
					<exceptionListVersion>1</exceptionListVersion>
					<exceptionListType>12</exceptionListType>
					<exceptionValidityStart>20230203085452Z</exceptionValidityStart>
					<exceptionListEntries>
						<ExceptionListEntry>
							<userId>
								<pan>2024070900000000779F</pan>
								<licencePlateNumber>
									<countryCode>0110000001</countryCode>
									<alphabetIndicator>000000</alphabetIndicator>
									<licencePlateNumber>074D41373739525A</licencePlateNumber>
								</licencePlateNumber>
							</userId>
							<statusType>0</statusType>
							<reasonCode>0</reasonCode>
							<entryValidityStart>20230104140028Z</entryValidityStart>
							<actionRequested>3</actionRequested>
							<efcContextMark>
								<contractProvider>
									<countryCode>0110000001</countryCode>
									<providerIdentifier>151</providerIdentifier>
								</contractProvider>
								<typeOfContract>001D</typeOfContract>
								<contextVersion>9</contextVersion>
							</efcContextMark>
<applicableDiscounts>
<discountId>22</discountId>
</applicableDiscounts>
						</ExceptionListEntry>
					</exceptionListEntries>
				</ExceptionListAdu>
			</exceptionListAdus>
		</adus>
	</infoExchangeContent>
</infoExchange>
